text,true_label,pred_label,finbert_conf,rule_label,rule_conf
$ALLY - Ally Financial pulls outlook https://t.co/G9Zdi1boy5,Bearish,Neutral,0.8961957,Neutral,0.6
"$DELL $HPE - Dell, HPE targets trimmed on compute headwinds https://t.co/YRUHZw7cYl",Bearish,Neutral,0.46975887,Neutral,0.6
$TAP - Barclays cools on Molson Coors https://t.co/FJFsZWJHuH,Bearish,Neutral,0.39768428,Neutral,0.6
$TAP: Barclays cuts to Equal Weight,Bearish,Neutral,0.6694855,Bearish,0.65
"Analysts Eviscerate Musk's Cybertruck: ""0% Of Responses Felt It Will Be A Success"" https://t.co/2NTzeZea4G",Bearish,Neutral,0.5166353,Neutral,0.6
Barclays assigns only a 20% chance that studies on a Gilead antiviral drug being done in China will succeed against… https://t.co/lIgDhy1Gli,Bearish,Neutral,0.5110664,Neutral,0.6
BTIG points to breakfast pressure for Dunkin' Brands,Bearish,Neutral,0.8521539,Neutral,0.6
Clovis Oncology downgraded to in line from outperform at Evercore ISI,Bearish,Neutral,0.59527797,Neutral,0.6
Downgrades 4/7: $AAN $BDN $BECN $BTE $CDEV $CHK $COOP $CPE $CVA $DAN $DOC $DRH $EPR $ESRT $ETM $FAST $FBM $GM $GMS… https://t.co/CMXD50oQxI,Bearish,Neutral,0.8356529,Neutral,0.6
Goldman pulls Progressive from Goldman's conviction list; shares -2.7%,Bearish,Neutral,0.4909909,Neutral,0.6
Trendforce cuts iPhone estimate after Foxconn delay,Bearish,Neutral,0.6563993,Bearish,0.65
"Wayfair price target lowered to $110 from $120 at Stifel, buy rating maintained",Bearish,Bullish,0.64495844,Bullish,0.65
$ENR - Energizer shakes off JPMorgan's bear call https://t.co/w83qnp2ni5,Bullish,Bearish,0.45090878,Bearish,0.65
$NKE - BMO Capital joins Nike bull camp https://t.co/diInCmHUi5,Bullish,Neutral,0.87201643,Bullish,0.65
$SMPQY $HSIC $XRAY - Goldman ups view on Henry Schein in premarket analyst action https://t.co/ZjKejttior,Bullish,Neutral,0.92047507,Neutral,0.6
$STML: Alliance Global Partners starts at Buy https://t.co/MCyfTsXc2N,Bullish,Neutral,0.9056767,Bullish,0.65
$ZYME: H.C. Wainwright starts at Buy,Bullish,Neutral,0.93000895,Bullish,0.65
AMD +1.3% after Cowen's target lift,Bullish,Neutral,0.581729,Neutral,0.6
Boeing started at buy with $375 stock price target at Benchmark,Bullish,Neutral,0.8270039,Bullish,0.65
Champions Oncology started at speculative buy with $11 stock price target at Benchmark,Bullish,Neutral,0.88670343,Bullish,0.65
Halliburton started at buy with $26 stock price target at Deutsche Bank,Bullish,Neutral,0.84763706,Bullish,0.65
Highlight: Edward Jones Sr. Equity Analyst Jennifer Roland on ExxonMobil reducing 2020 Capex by 30%: “Definitely a… https://t.co/dH0xlJujc1,Bullish,Neutral,0.86623496,Neutral,0.6
Liberty Global PLC maintained as buy with $32 price target at Benchmark,Bullish,Neutral,0.82116634,Bullish,0.65
Lumentum initiated as positive at Susquehanna,Bullish,Neutral,0.9026457,Bullish,0.65
Markel Corporation Beat Analyst Estimates: See What The Consensus Is Forecasting For Next Year,Bullish,Neutral,0.80918497,Bullish,0.65
Peloton bulls defend the upside case,Bullish,Neutral,0.78976834,Neutral,0.6
Piper Jaffray analyst Erinn Murphy reiterated an Overweight rating and $44.00 price target on Crocs (NASDAQ: $CROX)… https://t.co/iVlcTMWm1r,Bullish,Neutral,0.6611439,Neutral,0.6
Progyny started at overweight with $26 stock price target at J.P. Morgan,Bullish,Neutral,0.8883429,Neutral,0.6
TechnipFMC started at buy with $33 stock price target at Deutsche Bank,Bullish,Neutral,0.82346195,Bullish,0.65
"UBS Upgrades Hasbro As Stock Price Bakes In Tariffs, Slow Holiday",Bullish,Neutral,0.4025243,Neutral,0.6
Analyst: Amazon Blocking FedEx Ground Good News For UPS,Neutral,Bullish,0.7629654,Bullish,0.65
Mitek bull calls pullback 'an overreaction',Neutral,Bearish,0.7853483,Bullish,0.65
"Former Federal Reserve Chairman Ben Bernanke says he doesn't see a quick, sharp rebound in the economy after its pr… https://t.co/pu15VlJ4IO",Bearish,Neutral,0.4952893,Neutral,0.6
Jerome Powell comes close to acknowledging that the Federal Reserve may not have the firepower to fight the next re… https://t.co/UD2rqlD6SD,Bearish,Neutral,0.75955135,Neutral,0.85
"No, The Fed Won't ""Save The Market"" - Here's Why  https://t.co/Ibq99qWSFz",Bearish,Neutral,0.9255552,Neutral,0.6
"""There is every reason to believe that the economic rebound, when it comes, can be robust,"" Fed Chair Jerome Powell… https://t.co/Ovi6BRM3TK",Bullish,Neutral,0.72353595,Neutral,0.6
$ECONX: Federal Reserve announces extensive new measures to support the economy https://t.co/Gf6CfThO7r,Neutral,Bullish,0.6735882,Neutral,0.6
Commercial and industrial loans at all commercial banks climb by $105.8 billion to $2.845 trillion in the week endi… https://t.co/jTTkUE4l0L,Neutral,Bullish,0.8390975,Neutral,0.6
Fed surprises market with program to support corporate bonds amid coronavirus pandemic https://t.co/NLeJwjmyXw,Neutral,Bullish,0.8179769,Neutral,0.6
Bank agencies announced they'll temporarily lower the community bank leverage ratio to 8%. The rule change - requir… https://t.co/m6N7S7zEwo,Neutral,Bearish,0.60305524,Bearish,0.65
Brazil economists forecast more rate cuts ahead https://t.co/MVimfZn0x9,Neutral,Bullish,0.686135,Bearish,0.65
Fed Chair Jerome Powell was chided by a Democratic lawmaker for his attendance at a party thrown by Amazon CEO Jeff… https://t.co/BNq5I9PUqc,Neutral,Bearish,0.70140463,Neutral,0.6
Fed's 42-Day Repo 2x Oversubscribed In Scramble For Year End Liquidity https://t.co/skVPSppwaY,Neutral,Bearish,0.83953595,Neutral,0.6
Markets bet Fed is pushed to cut rates in coronavirus response https://t.co/4NDOpE6Kka https://t.co/8L2dYY8EYK,Neutral,Bearish,0.58156526,Bearish,0.65
RBI’s Long-Term Repo Operations Seen As Stealth Move To Bring Down Rates,Neutral,Bearish,0.40159076,Bearish,0.65
Spain to guarantee up to 80% of SME bank loans to ease virus impact #economy #MarketScreener https://t.co/SAmTS65y1z https://t.co/JFT2FzyZVp,Neutral,Bullish,0.727701,Bullish,0.65
The Fed mounted an extraordinary new array of programs to offset the 'severe disruptions' to the economy caused by… https://t.co/Q0oP8CE8Vy,Neutral,Bullish,0.7803019,Neutral,0.6
Zambia’s kwacha staged a comeback on Tuesday after the central bank raised the amount of funds that commercial lend… https://t.co/oS097rGn8S,Neutral,Bullish,0.575343,Bullish,0.65
Bank of America sees demand surge for paycheck protection loans https://t.co/6feALqK8zN,Bearish,Bullish,0.86329895,Bullish,0.65
BREAKING: FDA issues ban on some fruit and mint flavored vaping products https://t.co/MxWx3AqSi8,Bearish,Neutral,0.5290466,Neutral,0.6
Fiat Chrysler Relies on Ram Growth as Europe Losses Mount,Bearish,Neutral,0.69120413,Neutral,0.6
"ICYMI: Transport for London said Uber $UBER was not ""fit and proper"" to hold an operating license in London after a… https://t.co/6KXYb2e38V",Bearish,Neutral,0.6268523,Neutral,0.6
Mahindra Says Coronavirus May Jeopardize India Emissions Rollout,Bearish,Neutral,0.7735108,Neutral,0.85
"NTSB cites Uber, driver in fatal crash",Bearish,Neutral,0.48200285,Neutral,0.6
NVIDIA's New Cloud Service Could Spell Doom for Google's Stadia,Bearish,Neutral,0.7554467,Neutral,0.85
PG&E Loses Half of Financial Backing for Bankruptcy in New Pacts,Bearish,Neutral,0.5767454,Neutral,0.6
"Stock Market Live Updates: Home Depot faults tariffs, lumber prices for grim quarter - Yahoo Finance",Bearish,Neutral,0.8005532,Neutral,0.6
"Trans Mountain Costs to Increase 70% to $9.5 Billion, CBC Says",Bearish,Bullish,0.8556284,Neutral,0.6
"Transport for London has decided not to extend Uber’s license to operate in the city. In a statement, transit offic… https://t.co/Wh2Fx1FLgh",Bearish,Neutral,0.8849083,Neutral,0.6
Tuna maker Bumble Bee Foods has filed for Chapter 11 bankruptcy protection. https://t.co/d2gVKB0BB3,Bearish,Neutral,0.49223998,Neutral,0.6
WeWork Could Leave Thousands Without Jobs,Bearish,Neutral,0.5008818,Neutral,0.85
$RHHBY - Genentech nabs accelerated review status for risdiplam https://t.co/TlPBstlehr,Bullish,Neutral,0.6443913,Neutral,0.6
$SRNE UPDATE 1-Sorrento Therapeutics rejects all-cash takeout proposal; shares jump https://t.co/rPHkDVbzui via @YahooFinance,Bullish,Neutral,0.45418024,Neutral,0.6
$ZGNX - FDA OKs Zogenix's Fintepla for Dravet syndrome https://t.co/vdfppIz1AN,Bullish,Neutral,0.74067396,Neutral,0.6
5 Reasons To Love Wendy's On Its 50th Birthday,Bullish,Neutral,0.74643487,Neutral,0.6
AT&T says it will continue investing in Mexico: Mexican president,Bullish,Neutral,0.8806316,Neutral,0.6
Boeing : Deliveries 24 Jets in November #Boeing #Stock #MarketScreener https://t.co/jtBrv76jG6 https://t.co/s9q1BEhwcC,Bullish,Neutral,0.89326227,Neutral,0.6
"Boeing 737 Max Net Orders Rise to -73 YTD in Nov. From -93 Oct. Yes, negative",Bullish,Bearish,0.55484426,Bearish,0.65
"Congratulations to Phreesia (NYSE: $PHR) who was just named 2020 Best in KLAS for Patient Intake Management 

Read... https://t.co/lgQFrG7lOr",Bullish,Neutral,0.541961,Neutral,0.6
FDA Approves First Drug for Peanut Allergy,Bullish,Neutral,0.79892904,Neutral,0.6
Hastings Technology Metals : Bulk Ore Sorting Trial Shows Outstanding Results #HastingsTechnologyMetals #Stock… https://t.co/jH9XEyDAxJ,Bullish,Neutral,0.50523233,Neutral,0.6
J.P. Morgan: Bausch to better weather the market than other specialty drugmakers,Bullish,Neutral,0.59554964,Neutral,0.6
Mediaset CEO upbeat on reaching accord with Vivendi,Bullish,Neutral,0.58216757,Neutral,0.6
"Microsoft Could Win Next Phase Of Cloud Battle, Wedbush Says",Bullish,Neutral,0.6444259,Neutral,0.85
NVIDIA : GPU-Powered Semi Simulation Snags Coveted Research Award #NVIDIA #Stock #MarketScreener… https://t.co/03LwvaKx5q,Bullish,Neutral,0.64072114,Neutral,0.6
Pershing Square Holdings announces new $100M share buyback program,Bullish,Neutral,0.9017847,Neutral,0.6
Publicis Signals Worst May Be Over for Struggling Ad Group,Bullish,Neutral,0.8306041,Neutral,0.85
"Tezos rallies into the top ten cryptocurrencies, ousting Stellar",Bullish,Neutral,0.6333112,Neutral,0.6
This chart shows how Vanguard’s explosive growth has ‘taken on a life of its own’: https://t.co/8IOnrejNLy,Bullish,Neutral,0.8959797,Bullish,0.65
Why Walmart and Target are still winning with consumers https://t.co/TvPW2GzpQ6 by @DegrootMckenzie https://t.co/MHBf51cVBC,Bullish,Neutral,0.4868159,Neutral,0.6
$CVX - Chevron ramps output at key Venezuela oil project as U.S. weighs sanctions https://t.co/o4g9WuvJfo,Bullish,Bearish,0.7232351,Neutral,0.6
$EQNR $SU - Siccar Point attracts bids as high as nearly $2B - Reuters https://t.co/CMSO3XjoN1,Neutral,Bullish,0.7034361,Neutral,0.6
$ITRN - Margins suffer at Ituran Location in Q3 https://t.co/cCI94Csl3s,Neutral,Bearish,0.87817496,Neutral,0.6
"$PBR $BAK - Petrobras CEO wants fast sale of Braskem, improved Brazil auction process https://t.co/utBwKEfXai",Neutral,Bullish,0.74919325,Neutral,0.6
$SO - Final containment ring placed for Georgia Power's Vogtle nuclear expansion https://t.co/gTNtdx755r,Neutral,Bullish,0.5415632,Bullish,0.65
Activision Blizzard’s Revenue To See Double-Digit Decline In 2019?,Neutral,Bearish,0.86086494,Bearish,0.65
Advent to build up hair care brand following Olaplex buyout,Neutral,Bullish,0.5269943,Bullish,0.65
Alibaba on track to raise $12.9 billion in Hong Kong listing - CNN,Neutral,Bullish,0.55912954,Bullish,0.65
Alibaba share sale for $13.B Hong Kong listing oversubscribed,Neutral,Bearish,0.8100053,Neutral,0.6
Arrow Electronics Forges New Global IoT Solutions Collaboration with Microshare Inc.,Neutral,Bullish,0.707752,Neutral,0.6
AVJennings : AVJ Progressing with 3500 Lot Project in SEQ Growth Corridor #AVJennings #Stock #MarketScreener… https://t.co/wEuepnKClY,Neutral,Bullish,0.5767514,Bullish,0.65
Berenberg expects higher offer for LogMeIn,Neutral,Bullish,0.70730054,Bullish,0.65
Boeing gets 10 additional orders for 737 MAX 8 planes valued at $1.2 billion from SunExpress,Neutral,Bullish,0.8265731,Neutral,0.6
Cadbury Chocolate Maker Sees ‘No Stopping of Growth’ in Demand,Neutral,Bearish,0.6459177,Bearish,0.65
Cambridge Cognition : expands eCOA offering and wins contract with top 10 pharmaceutical c... #CambridgeCognition… https://t.co/KG7utY8LZm,Neutral,Bullish,0.72657436,Bullish,0.65
Crunch talks lead to Emirates order for 30 Boeing Dreamliners,Neutral,Bullish,0.6578343,Neutral,0.6
Ford and McDonalds are teaming up to create car parts out of coffee beans https://t.co/HZOpOUPKJh,Neutral,Bullish,0.5270703,Bullish,0.65
Google Stadia review: The game streaming service works — but it’s missing key features,Neutral,Bearish,0.5969205,Bearish,0.9
Grazitti Interactive Expands Its Presence in North America,Neutral,Bullish,0.6821592,Bullish,0.65
Heard on the Street: Dubai shows up Boeing’s wide-body woes https://t.co/Jla8Ap1CJm,Neutral,Bullish,0.60391927,Bullish,0.65
Mallinckrodt loses bid to overturn adverse INOmax patent ruling,Neutral,Bearish,0.77213854,Neutral,0.6
Marubeni : 10 Year Extension of Production Sharing Contract for Ravva Oil and Gas Field in... #Marubeni #Stock… https://t.co/4lYEQ2SMIF,Neutral,Bullish,0.7360831,Neutral,0.6
Maurice Lévy says his starting point at WeWork is to stem 'the flow of bad news' and refocus efforts on the core bu… https://t.co/YppGAFypPH,Neutral,Bearish,0.56964445,Bearish,0.65
"MMTC To Import 6,090 Tonne Onion To Boost Supply, Cut Prices",Neutral,Bearish,0.52475166,Bearish,0.65
Morgan Stanley pushes advisers to boost revenue in 2020 pay plan -sources,Neutral,Bullish,0.8371354,Neutral,0.6
Oakdale Resources : Guangdong achieves sustained progress in utilization of FDI #OakdaleResources #Stock… https://t.co/Y1ktrolyvu,Neutral,Bullish,0.8553556,Neutral,0.6
"PG&E to cut power to 150,000 customer for fire risk",Neutral,Bearish,0.7031866,Bearish,0.75
"Porsche is going all in on electric vehicles, but the legendary 911 will be the last of the brand’s lineup to make… https://t.co/cenmzD3pmN",Neutral,Bullish,0.9339685,Bullish,0.9
"Porsche is going all in on electric vehicles, but the legendary 911 will be the last of the brand’s lineup to make… https://t.co/yLO2JlqVp6",Neutral,Bullish,0.9339685,Bullish,0.9
Procter & Gamble looks to get well in healthcare,Neutral,Bullish,0.8349848,Neutral,0.6
REGO Restaurant Group Inks 20-store Development Deal for Quiznos Expansion into Latin America,Neutral,Bullish,0.5395886,Bullish,0.65
Respimat® re-usable inhaler wins 2020 Pharmapack Eco-Design Award,Neutral,Bullish,0.7948429,Neutral,0.6
"Struggling British luxury carmaker Aston Martin aims to rustle up a $650 million capital boost, led by Canadian bil... https://t.co/tpgeI6vmuo",Neutral,Bullish,0.8465655,Bullish,0.65
"Tesla's truck, a Mustang SUV, a 304-mph Bugatti, and 11 other standouts from a wild week at the L.A. Auto Show https://t.co/EB1T7AOGMv",Neutral,Bullish,0.6538745,Neutral,0.6
Two of three SandRidge royalty trusts lose NYSE listing,Neutral,Bearish,0.68348366,Neutral,0.6
UPDATE 2-Crunch talks lead to Emirates order for 30 Boeing Dreamliners,Neutral,Bullish,0.8322854,Neutral,0.6
UPDATE 2-Thousands of CN Rail workers hold first strike in a decade,Neutral,Bearish,0.6722832,Neutral,0.6
"VTEX, an e-commerce platform used by Walmart, raises $140M led by SoftBank's LatAm fund https://t.co/UJ2s2wUYPD via… https://t.co/sATiJD3uQM",Neutral,Bullish,0.63514966,Bullish,0.65
Walmart looks to get past dog days of in-house grocery delivery,Neutral,Bullish,0.762653,Neutral,0.6
WRAPUP-Airbus dominates second day of Dubai show as Boeing wins MAX order,Neutral,Bullish,0.7356989,Neutral,0.6
"A fire broke out overnight at Exxon's Baton Rouge oil refinery in Louisiana, halting production at the fifth-bigges… https://t.co/fo5UTOUNMB",Neutral,Bearish,0.6782102,Neutral,0.6
Hackers Breach Ring Home Security Cameras,Bearish,Neutral,0.6350676,Neutral,0.6
"Press release: cyber attack - update January 31, 2020 #Picanol #Stock #MarketScreener https://t.co/AXwQmrRC3G https://t.co/e4KSKzdmA9",Bearish,Neutral,0.89779025,Neutral,0.6
T-Mobile said a hacker gained access to limited information contained in prepaid accounts https://t.co/Ui6KpaVAmj,Bearish,Neutral,0.85572463,Neutral,0.6
10Y Yield LOD 1.7620%,Bearish,Neutral,0.8726703,Neutral,0.6
30-year Treasury yield plumbs key 2% support level https://t.co/g1AUTKwOCb,Bearish,Neutral,0.56892073,Neutral,0.6
"A group of investors agreed to a tentative plan to reduce Puerto Rico's debt by about 40%, a key hurdle in its reco… https://t.co/KZK55OaEmp",Neutral,Bullish,0.8257923,Neutral,0.6
AT&T takes on $5.5 billion loan to boost 'financial flexibility' https://t.co/ENTHbld55o https://t.co/BsoQHzpzao,Neutral,Bullish,0.80759555,Neutral,0.6
"China is planning a record sale of sovereign bonds in dollars, with a potential $6 billion offering https://t.co/zWNMQ4mXNb",Neutral,Bullish,0.5547911,Bullish,0.65
China lines up record-breaking dollar bond https://t.co/XqtVhZcmWm,Neutral,Bullish,0.7689676,Bullish,0.75
China’s $1.5 Trillion Pile of Bad Debt Lures Foreign Funds,Neutral,Bearish,0.71701413,Bearish,0.65
"EasyJet requests draw down of $500 million credit facility, explores more funding https://t.co/ZQZlGMNBJS https://t.co/09iTvOg2Av",Neutral,Bearish,0.5687026,Bearish,0.65
"Spanish companies, households snap up state-backed emergency credit  #Stock #MarketScreener https://t.co/o9iBDZEijE https://t.co/FQyY8WaORo",Neutral,Bullish,0.47227287,Bullish,0.65
"Telenet : issues a new 6.2-year Ã‚â‚¬510.0 million revolving credit facility, further strength... #Telenet #Stock… https://t.co/6u4or9Yn9H",Neutral,Bullish,0.7949384,Neutral,0.6
"Two key regulators are holding off on easing Wall Street debt limits, leaving billions of dollars locked up that co… https://t.co/YvDDlEcmh2",Neutral,Bullish,0.5564137,Bullish,0.65
"VF : to Draw Down $1 Billion From Credit Facility, Cuts CEO's Pay by 50% #VF #Stock #MarketScreener… https://t.co/ZWMiFpYcfy",Neutral,Bearish,0.82258826,Bearish,0.75
Democrats push for the Fed to buy low-rated municipal debt to ease the virus strain on state and local governments https://t.co/rFJqDxUqZM,Neutral,Bullish,0.56218016,Bullish,0.65
Euro zone to consider credit line from bailout fund to fight coronavirus https://t.co/aHTraPoyIK https://t.co/Rra8KyLRGy,Neutral,Bullish,0.66212606,Neutral,0.6
International Bancshares Corporation's (NASDAQ:IBOC) 2.6% Dividend Yield Looks Pretty Interesting,Bullish,Neutral,0.50053096,Neutral,0.6
Dish TV India Limited Just Missed Earnings With A Surprise Loss - Here Are Analysts Latest Forecasts,Bearish,Neutral,0.6527451,Bearish,0.75
Legacy Housing Corporation Earnings Missed Analyst Estimates: Here's What Analysts Are Forecasting Now,Bearish,Neutral,0.67662954,Bearish,0.65
Why Home Depot Stumbled on Earnings,Bearish,Neutral,0.9077566,Neutral,0.6
"$NVDA - After Intel And AMD, Nvidia Q4 Earnings Release Most Likely Beats. https://t.co/e87ZEOd1Z8 #business #stockmarket #markets",Bullish,Neutral,0.87255794,Bullish,0.65
Adobe Hits New Highs on Earnings - Here’s What the Charts Say - TheStreet,Bullish,Neutral,0.82575643,Neutral,0.6
Amazon rejoins $1tn club on back of blockbuster earnings https://t.co/a3rPNz6Xsn,Bullish,Neutral,0.58795375,Neutral,0.6
Cineplex Inc. Just Beat Earnings Expectations: Here's What Analysts Think Will Happen Next,Bullish,Neutral,0.8355072,Bullish,0.65
Why Pinterest Earnings Were So Inspiring,Bullish,Neutral,0.84817547,Neutral,0.6
Did Thermo Fisher Scientific Inc.'s (NYSE:TMO) Recent Earnings Growth Beat The Trend?,Neutral,Bullish,0.5024379,Bullish,0.75
How Driller Helmerich & Payne Scored a Q1 2020 Earnings Beat,Neutral,Bullish,0.5376993,Bullish,0.65
Notable earnings after Monday’s close,Neutral,Bullish,0.70536184,Neutral,0.6
Snap-on Announces Fourth Quarter and Full Year 2019 Results,Neutral,Bearish,0.76000947,Neutral,0.6
"Tapestry, Inc. Reports Fiscal 2020 Second Quarter Results",Neutral,Bearish,0.67446846,Neutral,0.6
$TOPS The world could soon run out of space to store oil. That may plunge prices below zero https://t.co/4ZEUx6r7qj.,Bearish,Neutral,0.77689886,Neutral,0.85
"Almost 40% of oil and natural gas producers face insolvency within the year if the oil rout persists, a new Federal… https://t.co/8LK2acX5mE",Bearish,Neutral,0.6851187,Neutral,0.85
Can West Texas Intermediate crude fall beneath 50 cents a barrel? Someone thinks so https://t.co/cCYayTd9qW,Bearish,Neutral,0.6650725,Bearish,0.65
Fracking Blows Up Investors Again: Phase 2 Of The Great American Shale Oil & Gas Bust https://t.co/tsawCbV7Jn,Bearish,Neutral,0.80854636,Bullish,0.75
Oil companies warn Kansas City Fed there could be widespread insolvencies https://t.co/DRXouEBf0p,Bearish,Neutral,0.811831,Neutral,0.85
OPEC+ Weighs Emergency Response as Oil Slumps on Virus Panic,Bearish,Neutral,0.6039894,Neutral,0.6
U.K. Flash PMIs - Uncertainty Driving Economy Into Recessionary Territory. Subscribe to Seeking Alpha for more:… https://t.co/5R3pl0m4Ik,Bearish,Neutral,0.8477189,Neutral,0.6
$OIS - Waning Pricing Power Could Stymie Oil States. https://t.co/cv7dKthhRN #finance #stockmarket #economy,Bearish,Neutral,0.64761364,Neutral,0.85
"Damned if they do, damned if they don't: Investors are punishing major oil companies for new crude reserves-and cle… https://t.co/mILVq1M0cW",Bearish,Neutral,0.67778367,Neutral,0.85
GlobalData : Pemex in no position to maintain output profitably regardless of OPEC+ reques... #GlobalData #economy… https://t.co/gkm88jCriu,Bearish,Neutral,0.60740167,Neutral,0.6
Natural Gas Finally Starting To Buckle Against The Broader Market Liquidation. https://t.co/I7Uxy9MOlT #stocks #stockmarket #business,Bearish,Neutral,0.43119907,Neutral,0.6
Oil expert: 'We're looking at a worst case scenario of a $41 a barrel' https://t.co/mTxDKbjfej by @GreteSuarez https://t.co/I9FfdG1OxC,Bearish,Neutral,0.6459625,Neutral,0.6
Oil Prices' Hard Landing Initializing Descent. Continue reading: https://t.co/4zqKuKP70N #markets #business #economy,Bearish,Neutral,0.84885764,Neutral,0.6
Saudi Arabia tanker power play could backfire as oil demand shrinks https://t.co/NccWYluy4I https://t.co/5u2SO81qM2,Bearish,Neutral,0.8241538,Neutral,0.85
Lumber futures rally as producers cut output https://t.co/WsTaphOfvv,Bullish,Bearish,0.788057,Neutral,0.6
Oil - The Shale Treadmill Is Going To Be A Thing Of Beauty. https://t.co/Efdq6nuU9b #stockmarket #economy #investing,Bullish,Neutral,0.9141216,Neutral,0.6
Oil pared losses amid signs that Saudi Arabia and Russia are making progress toward an agreement to curb crude outp… https://t.co/d8GzSKGYQE,Bullish,Bearish,0.5266872,Bearish,0.65
Oil rises for a second day as OPEC+ weighs coronavirus action,Bullish,Neutral,0.48380044,Neutral,0.6
Guyana is set to become a top oil producer with a newly-discovered offshore oil field. Insights via @CMEGroup https://t.co/RMDfHqqRm4,Bullish,Neutral,0.49529627,Neutral,0.6
JUST RELEASED: Oil Price Dynamics Report Oil prices rose over the past week owing to decreased supply.… https://t.co/GDfcDZqNZ0,Bullish,Bearish,0.7692408,Neutral,0.6
Natural Gas And The Electric Power Sector: Mostly Bullish Signals. https://t.co/d1pDLS2Ej5 #markets #stocks #economy,Bullish,Neutral,0.6606285,Bullish,0.65
Oil held near $50 a barrel in New York on signs that OPEC and its allies probably won't go ahead with a much-touted… https://t.co/LXi5faZhIf,Bullish,Neutral,0.4488404,Neutral,0.6
"Oil prices soar after a U.S. air strike in Baghdad killed the head of Iran's elite Quds Force, raising concerns tha… https://t.co/982TZUwI2F",Bullish,Neutral,0.61716634,Neutral,0.6
Oil rises for third day as coronavirus impact may spur output cuts #economy #MarketScreener https://t.co/8mQEa5vMRv https://t.co/AuaBTevMHr,Bullish,Neutral,0.45434624,Neutral,0.85
$UNG $DGAZ $UGAZ - Natural gas inventory draw in-line with estimates https://t.co/bdJKXSH7Ye,Neutral,Bullish,0.7686731,Neutral,0.6
"In oil market standoff with Saudi Arabia, weakened rouble helps Russia #SaudiArabianOil #Stock #MarketScreener… https://t.co/wj5c7AaMXF",Neutral,Bearish,0.7536731,Neutral,0.6
OPEC+ will adjust its output target and redistribute production cuts between its members under pressure from Saudi… https://t.co/9LLzyIDWqG,Neutral,Bearish,0.34343982,Bearish,0.9
The world's largest oil producers are groping their way toward a deal on who's willing to cut production and by how… https://t.co/zhXJENTilz,Neutral,Bearish,0.53488123,Bearish,0.65
Trump says US will 'help Mexico along' with its OPEC+ production cuts. https://t.co/NdNXHiJV3E,Neutral,Bearish,0.49215353,Bearish,0.65
$SILC: Silicom Limited sees Q1 revs below consensus https://t.co/wGtSELbYrm,Bearish,Neutral,0.5607775,Neutral,0.6
BJ's Wholesale lowers 2019 sales outlook to approximately $12.9 bln from $12.9 bln-$13.2 bln,Bearish,Bullish,0.7661116,Neutral,0.6
"Caterpillar Inc.'s 2020 profit outlook trailed analysts' estimates, with the heavy-equipment saying continued econo... https://t.co/xbEWT86BAc",Bearish,Bullish,0.5345612,Bullish,0.65
Kohl's Q3 EPS 78 cents vs. 98 cents,Bearish,Neutral,0.47015715,Neutral,0.6
Kohl's Q3 revenue $4.625 bln vs. $4.628 bln; FactSet consensus $4.399 bln,Bearish,Neutral,0.55707717,Neutral,0.6
National Oilwell Varco EPS of -$1.01,Bearish,Bullish,0.6675585,Neutral,0.6
Penn National EPS of -$0.80,Bearish,Neutral,0.58667976,Neutral,0.6
Target Hospitality Corp. Just Missed EPS By 34%: Here's What Analysts Think Will Happen Next,Bearish,Neutral,0.8633836,Bearish,0.65
ThermoGenesis misses on revenue,Bearish,Neutral,0.9053363,Bearish,0.65
Zynga (ZNGA) Q4 Earnings Miss Estimates - Nasdaq,Bearish,Neutral,0.65457433,Bearish,0.65
Ã‚Â Chegg Reports 2019 Financial Results and Raises 2020 Guidance,Bullish,Neutral,0.8644745,Bullish,0.65
"Construction Partners EPS in-line, beats on revenue",Bullish,Neutral,0.9232973,Bullish,0.65
Equinor fourth-quarter profit beats forecast amid oilfield startup,Bullish,Bearish,0.6666148,Bullish,0.75
"II-VI EPS in-line, beats on revenue",Bullish,Neutral,0.8596157,Bullish,0.65
"LexinFintech EPS in-line, beats on revenue",Bullish,Neutral,0.7237036,Bullish,0.65
Madison Square Garden Q2 EPS $3.93 vs. $3.42,Bullish,Neutral,0.48934418,Neutral,0.6
Sanofi eyes more EPS growth this year as it narrows focus,Bullish,Neutral,0.8007602,Bullish,0.65
"Twitter tops user, sales expectations for 4Q",Bullish,Neutral,0.56566244,Neutral,0.6
UPDATE: New York Times beats earnings estimates for Q4 as subscriptions rise,Bullish,Neutral,0.7447161,Bullish,0.65
"$FRT - Federal REIT FFO misses by $0.02, beats on revenue https://t.co/uldAfaa7ba",Neutral,Bearish,0.7703615,Neutral,0.6
"Domtar EPS misses by $0.05,  revenue in-line",Neutral,Bearish,0.6273347,Bearish,0.65
Philip Morris profit and sales top estimates but tobacco company offers soft guidance,Neutral,Bullish,0.65790725,Bullish,0.65
SoftBank's Oyo reveals over $330 million annual loss; revenue surges https://t.co/sboVq3nnEm https://t.co/FNiIij62NJ,Neutral,Bearish,0.7928595,Neutral,0.6
AUD/USD Weekly Price Forecast – Australian Dollar Slams Into Resistance,Bearish,Neutral,0.40899044,Neutral,0.6
Euro pinned near 10-day lows as outlook bleak - SI https://t.co/kPqleNJhIY,Bearish,Neutral,0.63054943,Neutral,0.6
U.S. Dollar Index Futures (DX) Technical Analysis – Looking for Break into Retracement Zone at 97.630 to 97.472,Bearish,Neutral,0.8168052,Neutral,0.6
EUR/USD Failure of 1-2-3 Pattern Might be Bullish,Bullish,Neutral,0.764068,Neutral,0.85
GBP/USD – Pound Soars as Conservatives Cruise to Majority,Bullish,Neutral,0.5201499,Neutral,0.6
USD/JPY Forecast: USD to Consolidate Against JPY - DailyForex.com,Bullish,Neutral,0.528033,Neutral,0.6
USD/JPY Weekly Price Forecast – Dollar Continues To Test Resistance,Bullish,Neutral,0.6497566,Neutral,0.6
Dollar mixed versus major rivals after January jobs report,Neutral,Bearish,0.66135335,Neutral,0.6
"Volatility still remains near all-time lows across some major currency pairs, including the euro versus the dollar,… https://t.co/nZbJPUWFdn",Neutral,Bearish,0.82041675,Neutral,0.6
A Health Check of India Shadow Banks Points to Prolonged Trouble,Bearish,Neutral,0.5811264,Neutral,0.6
Banks undergoing 'real stress test' as recession fears continue https://t.co/lY9UvWu4yE by @bcheungz https://t.co/aJbqRFxRQY,Bearish,Neutral,0.565071,Neutral,0.6
Canada's economy could end up being the big loser as a rail strike drags on https://t.co/aGYaQzTAD8,Bearish,Neutral,0.8304066,Neutral,0.85
Caution Abounds Even as Emerging Markets Ready Year-Ending Rally,Bearish,Bullish,0.63776875,Bullish,0.65
Coronavirus pandemic has driven a very 'ample' market correction: former European Central Bank chief… https://t.co/dSD0FhQt36,Bearish,Neutral,0.47195864,Neutral,0.6
Coronavirus will probably destroy one of the stock market's biggest crutches https://t.co/6PAfslV0ul by @BrianSozzi https://t.co/yFTXFTKQV0,Bearish,Neutral,0.61420715,Neutral,0.6
Every Bubble Eventually Finds Its Pin https://t.co/E3LesbBMP1,Bearish,Neutral,0.9166363,Neutral,0.6
Here is a list of companies that have suspended dividends or stopped stock buybacks in April https://t.co/JUYLRQJyGp,Bearish,Neutral,0.51032627,Neutral,0.6
"Highlight: ""We're gonna see companies start to report results and I think it's gonna look ugly,"" @FBBCap's Mike Bai… https://t.co/gdtm8YBxPc",Bearish,Neutral,0.8500806,Neutral,0.6
New #IMFBlog by @GitaGopinath shows #COVID19 is already impacting the US economy with unprecedented speed and sever… https://t.co/1M3rfTmYSi,Bearish,Neutral,0.45824313,Neutral,0.6
Survey: 1 in 6 shoppers are still paying off last year's holiday debt https://t.co/AA08zAofod by @SJAsymkos https://t.co/di37aiduNS,Bearish,Neutral,0.6272645,Neutral,0.6
Tech War Set To Deepen As China Stockpiles US Chips Amid 'Silicon Curtain' Threat  https://t.co/sMw7Z0Xo3w,Bearish,Neutral,0.588126,Neutral,0.6
"The days of extraordinary market returns are over, says BlackRock https://t.co/gJu52JoL8J",Bearish,Neutral,0.760889,Neutral,0.6
"The dual shocks of the Saudi-Russian oil price war and the Covid-19 pandemic could put 500,000 Albertans out of wor… https://t.co/FUepZVgKx2",Bearish,Neutral,0.770229,Neutral,0.85
"Trader Warns ""The Rally Is Crumbling Below The Surface"" https://t.co/kdxXwZGizy",Bearish,Neutral,0.7922436,Neutral,0.6
"Turkish banks refuse to lend to Istanbul, hey here's an idea: let's open it up to the European idiots who will buy… https://t.co/oimo5fD1IB",Bearish,Neutral,0.88357055,Bullish,0.75
Videoconferences Zoom Toward Market-Boom Reckoning. https://t.co/kbPZdZj8DF #stocks #trading #economy,Bearish,Neutral,0.92432785,Neutral,0.6
"When Chinese Consumers Stay Home, the World's Retailers Take Hit",Bearish,Neutral,0.89068115,Neutral,0.6
Conditions for stock picking are improving as shares of big U.S. companies have begun to diverge https://t.co/Xrl2GkXhyW,Bullish,Neutral,0.61205804,Neutral,0.6
"Highlight: ""You're seeing some level of optimism, just because we've come way off the lows,"" @colonymktstrat says.… https://t.co/CdkwSBZK9H",Bullish,Neutral,0.4496199,Neutral,0.6
"Highlight: Goldman Sachs predicts that gold will reach $1,600 an ounce by 2020. “$1,600 is gonna be a footnote,” sa… https://t.co/DFzhAByZ6Y",Bullish,Neutral,0.8942871,Neutral,0.6
Santa Claus rally,Bullish,Neutral,0.9319856,Bullish,0.65
Spirit MTA REIT (NYSE:SMTA) Shares Have Generated A Total Return Of 34% In The Last Year,Bullish,Neutral,0.5817735,Neutral,0.6
The number of customers canceling Netflix hasn’t accelerated around the debut of rival services from Disney and App… https://t.co/O7kqU5s0aM,Bullish,Bearish,0.8411122,Neutral,0.6
This chart shows why BlackRock is upbeat on U.S. credit despite the pandemic https://t.co/7LYUG0HLHr,Bullish,Neutral,0.47405303,Neutral,0.6
This Is Why Peloton Stock Remains a Buy,Bullish,Neutral,0.9026991,Bullish,0.65
"U.S. banks will likely be allowed to keep paying dividends, even as the coronavirus pandemic threatens to create a… https://t.co/AjsqnpfOdJ",Bullish,Neutral,0.4101402,Neutral,0.6
Weekly portfolios report : Stress quickly erased #Weeklyportfoliosreport #portfolio #MarketScreener… https://t.co/aght48Gwte,Bullish,Bearish,0.6952774,Neutral,0.6
"#5things
-China IP concession
-Hong Kong election
-Loads of corporate news
-Markets rise
-Coming up...… https://t.co/aSJjULIOt3",Neutral,Bullish,0.47782186,Bullish,0.65
"$BA - Boeing plane skids off runway in Istanbul, killing one passenger https://t.co/IBHUB8yLOO",Neutral,Bearish,0.8012821,Neutral,0.6
"$ENB - No additional risk to Lake Superior from Enbridge pipeline, Minnesota says https://t.co/3AlY719yio",Neutral,Bullish,0.46005037,Bullish,0.65
"52% of Older Adults Are Making This Crucial Social Security Mistake, a Survey Shows",Neutral,Bearish,0.82249963,Neutral,0.6
"A couple claims a 500-pound, $280-million emerald was destroyed when their house burned down in California's worst-… https://t.co/jJFqUHN5qr",Neutral,Bearish,0.509798,Bearish,0.65
"As relations between the U.S. and China continue to deteriorate, one immediate risk is a “military accident or oper… https://t.co/N2fewJJeQc",Neutral,Bearish,0.8022647,Bearish,0.65
"Basking in the glow of a luxury-goods deal, Burberry boosts London stocks https://t.co/MTuHyI5ysO",Neutral,Bullish,0.7410334,Neutral,0.6
"Billionaire investor Howard Marks says we're not in a bubble, but sees reasons to take less risk https://t.co/BoHEP6B2Hi",Neutral,Bearish,0.88399774,Bearish,0.9
"Brazil's Afro-Brazilians are beginning to get their due, says @macmargolis (via @bopinion) https://t.co/tezavhCp6r",Neutral,Bullish,0.6704355,Neutral,0.6
"By diversifying, you reduce the risk of any one company losing value and negatively affecting your portfolio.… https://t.co/fZZP7j69yG",Neutral,Bearish,0.58917123,Bearish,0.65
"Desalination can provide safe drinking water, but it also creates other environmental concerns like brine. Watch th… https://t.co/yLIMmQdmp5",Neutral,Bearish,0.92509186,Bearish,0.9
Europe is set to stake its economic future on an environmental clean-up that will overhaul the way the world’s bigg… https://t.co/slU8gPy5AE,Neutral,Bullish,0.5420687,Bullish,0.65
"EY has put 100 jobs in its financial consulting unit at risk of redundancy
https://t.co/d63wR7xMfR",Neutral,Bearish,0.8372078,Bearish,0.65
"French Private Equity Has a Problem With Equality, Firms Warned",Neutral,Bearish,0.7175842,Bearish,0.65
Has bitcoin become 'digital gold?' @KitcoNewsNOW sat down with @mikemcglone11:  https://t.co/Sg3a5Xwpfj,Neutral,Bearish,0.47571942,Bearish,0.65
"Have a great weekened everyone !!! Dont forget : It’s good to have money and the things that money can buy, but it’… https://t.co/echs3JqWSX",Neutral,Bullish,0.81035453,Bullish,0.8500000000000001
Health insurance industry eyes federal aid amid coronavirus pandemic https://t.co/xyXJtq7gwE by @AnjKhem and… https://t.co/kaopnmSfQW,Neutral,Bearish,0.6902363,Neutral,0.6
"Highlight: “When growth is scarce, investors seem very willing to pay up for growth stock"" @PNCBank's… https://t.co/rO4fBOkBG9",Neutral,Bullish,0.8713845,Bullish,0.75
Investors shrugged off a WSJ report that said the US and China are working on a deal to delay the next round of Ame… https://t.co/D4CJFfE98t,Neutral,Bearish,0.74520326,Neutral,0.6
"Known as the ""most beautiful café in the world,"" the New York Café is nothing short of spectacular. (PS -- it's not… https://t.co/laxpn15BP7",Neutral,Bullish,0.9084785,Bullish,0.65
Launch of new generic drugs in U.S. still lags - WSJ,Neutral,Bearish,0.76543134,Neutral,0.6
Mandiri Warns of Risk to Loan Growth From Virus Outbreak,Neutral,Bearish,0.59313965,Bearish,0.65
Marvel Comics 1 torches record with $1.26M sale at auction https://t.co/ZCIXTnGfPG via @FoxBusiness https://t.co/09Sj0PfU9H,Neutral,Bullish,0.6119774,Bullish,0.65
Ministers risk NHS pension tax breach in bid to avert pre-poll crisis https://t.co/hw8VhL3IgU,Neutral,Bearish,0.5605942,Bearish,0.65
Monday's big rally is premature: financial advisor #economy #MarketScreener https://t.co/Ld6fdzqgQd https://t.co/nqWvTA19gR,Neutral,Bearish,0.80424386,Bullish,0.65
New Cortec PE fund biggest winner from latest Texas CDRS pension commitments,Neutral,Bullish,0.7543578,Neutral,0.6
New York Governor Cuomo notes hospitalizations down sharply @Street_Insider $SPY,Neutral,Bearish,0.8520797,Bearish,0.65
"On this day in 1994 Orange County, California filed for bankruptcy protection after interest rate swaps imploded in… https://t.co/NatWmeuiIg",Neutral,Bearish,0.8016743,Neutral,0.6
One of the largest coal-fired power plants in the Western US has just closed for good,Neutral,Bullish,0.50469446,Bullish,0.65
OPEC Considers Oil Output Cut; Tesla Shuts Stores: Virus Update,Neutral,Bearish,0.5004516,Bearish,0.65
Partnering with Costco is the latest major expansion for Beyond Meat https://t.co/TEcFCWg7Ej,Neutral,Bullish,0.60120076,Bullish,0.65
Record Demand For Fixed Income ETFs,Neutral,Bullish,0.7986486,Bullish,0.65
"Romania's health-care system is one of the worst in Europe, so much so that a team of people took matters into thei... https://t.co/dkQoUmUia4",Neutral,Bearish,0.715414,Neutral,0.6
The biggest holdup in the U.S.-China negotiations is Washington’s demand that China guarantee its pledge to buy mor… https://t.co/FIbhm2SNtj,Neutral,Bearish,0.69032174,Bullish,0.65
The number of new coronavirus cases in Indonesia surges by more than 200 for second consecutive day https://t.co/bdhN2NroqM,Neutral,Bullish,0.77921146,Bullish,0.65
"Troops are reinforcing the police in Bogota, after outbreaks of looting and vandalism https://t.co/tGzHJL5v84",Neutral,Bearish,0.6758563,Neutral,0.6
Will the yen see a decline in popularity as more countries enter zero-rate territory? Insights via @CMEGroup https://t.co/zPR2qSO8Pq,Neutral,Bearish,0.74196863,Bearish,0.65
Gold Falls After Strong Jobless Report #Silver #Stock #MarketScreener https://t.co/3ztxIAtUKP https://t.co/v92anbNxu3,Bearish,Neutral,0.62500644,Neutral,0.6
Gold Soars To 8-Year Highs As Stocks Melt-Up On Massive Short-Squeeze  https://t.co/80904NqvN0,Bullish,Neutral,0.62808913,Neutral,0.6
Gold: Prepare For Bull Market To Begin Any Day. https://t.co/H54NIPOiww #business #finance #economy,Bullish,Neutral,0.9449717,Bullish,0.65
A year in which the IPO market sobered up https://t.co/bgpuGK5XpJ,Neutral,Bullish,0.80385745,Bullish,0.65
"PPD's stock indicated in early going to open at $30, or 11% above $27 IPO price",Neutral,Bullish,0.68211323,Neutral,0.6
Alstom's U.K. unit fined 15 million pounds in connection with bribes paid in Tunisia https://t.co/wAS04f4bOb,Bearish,Neutral,0.63659316,Neutral,0.6
EU probes Qualcomm over radio-frequency chips,Bearish,Neutral,0.8749554,Neutral,0.6
"Madhya Pradesh Vyapam Scam: Man Gets 10 Years, 30 Others Get 7 Years In Jail",Bearish,Neutral,0.89631593,Neutral,0.6
U.S. agency probes 12th Tesla crash tied to possible Autopilot use,Bearish,Neutral,0.50451046,Neutral,0.85
UPDATE 1-Italian police search ArcelorMittal offices over Ilva probe,Bearish,Neutral,0.5887782,Neutral,0.6
WeWork Faces Another Investigation Over Neumann,Bearish,Neutral,0.62490875,Neutral,0.6
$TEVA - Teva in talks with DoJ to end generics probes - Bloomberg https://t.co/a47OmArrQY,Bullish,Neutral,0.81317735,Neutral,0.6
BPH Energy : Settlement of Litigation #BPHEnergy #Stock #MarketScreener https://t.co/DD5IfT4zgo https://t.co/sZfkzFWMcP,Bullish,Neutral,0.731822,Neutral,0.6
Fiat reaches settlement with Italy tax agency over Chrysler value claim,Bullish,Neutral,0.43274987,Neutral,0.6
GM not liable for punitive damages in ignition switch cases: U.S. appeals court,Bullish,Neutral,0.48967165,Neutral,0.6
HSBC makes last-minute settlement with ex-currencies head https://t.co/uqYy01pnBL,Bullish,Bearish,0.67726326,Neutral,0.6
"Amazon seeks to depose Trump, Esper in lawsuit over cloud computing contract",Neutral,Bearish,0.5528907,Bearish,0.65
"JetBlue founder was a ""death knell"" for this Canada carrier, a lawsuit says https://t.co/14JYSa5ahV",Neutral,Bearish,0.5947725,Bearish,0.65
NEW: Teva and other generic drugmakers have held talks with the U.S. about resolving a long-running probe of allege… https://t.co/CmycwwREYa,Neutral,Bullish,0.78906995,Neutral,0.6
$RMLRF $TRYUF - Ramelius Resources to scoop up Spectrum Metals https://t.co/5gqMvy0sSS,Neutral,Bullish,0.5922947,Bullish,0.65
BlackRock slashes stake in Peabody Energy,Neutral,Bearish,0.7898531,Neutral,0.6
Edgewell Personal Care is ditching its bid to acquire shaving-supply maker Harry's -- reminding big consumer compan… https://t.co/WIlJz1fbNc,Neutral,Bearish,0.7940298,Neutral,0.6
HP reiterates its rejection of Xerox's offer to buy the company https://t.co/9qYk413PZE https://t.co/WLdlx9gnjf,Neutral,Bullish,0.603089,Bullish,0.65
LVMH nears deal to buy Tiffany for $16.3 billion https://t.co/SlI2ZpyYhH,Neutral,Bullish,0.5574517,Bullish,0.65
"PayPal has struck a deal to acquire Honey, a shopping platform that offers online shoppers discounts and rewards, f… https://t.co/D9FqQbl3Tb",Neutral,Bullish,0.6905177,Neutral,0.6
Razor maker Edgewell calls off $1.7bn plans to buy rival Harry's https://t.co/m57n68T5WK,Neutral,Bearish,0.7927603,Bullish,0.65
"Simon's Taubman Deal Shows Mall REITs Undervalued, Analyst Says",Neutral,Bullish,0.6855058,Neutral,0.6
Swiss pharma company Novartis has reached a deal to purchase cholesterol drugmaker The Medicines Company for $9.7 b… https://t.co/AmTfZh6WEG,Neutral,Bullish,0.6556861,Neutral,0.6
Warner Music Group is teaming up with private equity giant Providence Equity Partners on a new fund to acquire musi… https://t.co/ADPCaF4x9i,Neutral,Bullish,0.5383433,Bullish,0.65
"WhiteWater Express Acquires Quick N Clean Location, Launching Dedicated Expansion Into Austin",Neutral,Bullish,0.58725566,Bullish,0.65
America's manufacturing sector is in a recession. But that is only part of the story. The industry has expanded by... https://t.co/YUtP2dQsAj,Bearish,Neutral,0.5709081,Neutral,0.6
"Argentina's story: 
⏩ Leaders spend 
⏩ Investors sour 
⏩ Inflation spikes 
⏩ Recession hits
🔃 Repeat 
(via… https://t.co/2AnRzFq7MM",Bearish,Neutral,0.762115,Neutral,0.6
China's first-quarter smartphone sales may halve due to coronavirus: analysts,Bearish,Neutral,0.83596617,Neutral,0.85
Eurozone PMI Shows Economy Close To Stagnation. Sign up for updates on Seeking Alpha! https://t.co/h0OGX7AT9k #economy #finance #business,Bearish,Neutral,0.9217026,Bullish,0.65
Gig workers could increase unemployment claims by another 10%: economist  by @KristinReports https://t.co/NA63QEl64P https://t.co/brqpXRi6De,Bearish,Neutral,0.72437096,Neutral,0.85
Larry Kudlow says Dec. 15 tariffs are 'still on the table' https://t.co/ft8Avs632w,Bearish,Neutral,0.49333772,Neutral,0.6
Lebanon Turns to IMF as Fitch Sounds Alarm on Default,Bearish,Neutral,0.72133076,Neutral,0.6
"Mortgage forbearance requests jump nearly 2,000% as borrowers seek relief during coronavirus outbreak https://t.co/MJ1exQ1C7K",Bearish,Neutral,0.49178547,Neutral,0.6
Spanish Farmers Rise Up Against Unfair Prices Amidst The Worst Agri-Food Crisis In Decades,Bearish,Bullish,0.7530536,Bullish,0.65
Stock Market Update: November retail sales increase less than expected,Bearish,Neutral,0.6275605,Neutral,0.6
The U.S. budget deficit widened in November to $208.8 billion https://t.co/PsXjeUbXvP,Bearish,Bullish,0.6602963,Neutral,0.6
"U.S. economy is in a contraction, says Larry Kudlow, adding that it could reopen in four to eight weeks https://t.co/tgwRWgau7k",Bearish,Neutral,0.8244084,Neutral,0.85
US Proved Oil & Gas Reserves Hit New Record High,Bearish,Bullish,0.78089744,Bullish,0.65
$ECONX: December University of Michigan Consumer Sentiment- Prelim 99.2 vs 96.5 https://t.co/M9gpUZQoF7 consensus;… https://t.co/fmehvuGCH2,Bullish,Neutral,0.44785586,Neutral,0.6
$ECONX: November Nonfarm Payrolls 266K vs 182K https://t.co/M9gpUZQoF7 consensus https://t.co/uPsOqomWWO,Bullish,Neutral,0.5405255,Neutral,0.6
12.23 Lakh New Jobs Created In September: ESIC Payroll Data,Bullish,Neutral,0.54295725,Neutral,0.6
"Austria is planning the first steps to restart its economy as soon as next week, the first European country to do so https://t.co/wpN1WMrcW5",Bullish,Neutral,0.6056638,Neutral,0.6
Booming London Defies Weak Second Quarter for Britain’s Economy,Bullish,Bearish,0.75443476,Bearish,0.65
China is buying more U.S. soybeans as both countries try to reach an initial agreement on trade. https://t.co/AXVjY70Yoc,Bullish,Neutral,0.63221556,Neutral,0.6
"China is in the process of waiving retaliatory tariffs on imports of U.S. pork and soy by domestic companies, a pro… https://t.co/08mZU9TrBX",Bullish,Neutral,0.3610647,Neutral,0.6
"Consumer credit $18.9BN, Exp. $16BN, Last $9.6BN",Bullish,Neutral,0.9160971,Neutral,0.6
Fannie boosts 2020 real GDP outlook on housing strength,Bullish,Neutral,0.46229085,Neutral,0.6
Global air passenger traffic has grown at 4% YoY in 2019 ytd while air freight volumes contracted 4% over the same period: BofA,Bullish,Neutral,0.49039376,Neutral,0.6
"Global Economy Won't See Recession in 2020, Says Quilvest",Bullish,Bearish,0.67334676,Neutral,0.6
GlobalData : Global sales of psychiatric drugs could reach more than $40bn by 2025 due to ... #GlobalData #Stock… https://t.co/rKWo7oKcgD,Bullish,Neutral,0.64284277,Neutral,0.85
Goldman: Go Long On Fracking,Bullish,Neutral,0.9028988,Neutral,0.6
Here Is The Main Reason For Today's Blockbuster Jobs Report https://t.co/KEB3cegJ7E,Bullish,Neutral,0.8910722,Neutral,0.6
Jobs Report Should Bolster Fed Confidence: Riccadonna (Radio),Bullish,Neutral,0.6834637,Neutral,0.6
Saudi Arabia's Unemployment Falls to Lowest in Over Three Years,Bullish,Bearish,0.85811466,Bearish,0.65
U.S. factory and services activity quicken in November: Markit https://t.co/Uvnds2WdjP https://t.co/NlVK9IhoJ1,Bullish,Neutral,0.4509695,Neutral,0.6
United States: JOLTS Job Openings better than estimates at 6.88M #economy #MarketScreener https://t.co/DFfgeUsoXi https://t.co/t52IA8Ih3K,Bullish,Neutral,0.6115304,Neutral,0.6
"US industrial production snaps back, rises 1.1% in November",Bullish,Neutral,0.64068604,Neutral,0.6
Britain seeking far-reaching tariff cuts in post Brexit U.S. trade deal,Neutral,Bullish,0.71505123,Bearish,0.65
"China Delays Trade Statistics, Merges January and February Data",Neutral,Bearish,0.6882906,Neutral,0.6
"China to raise penalties on IP theft in trade war compromise - SCMP

https://t.co/hVY3zAtMg0",Neutral,Bullish,0.4005591,Bullish,0.65
Greenhouse gas emissions in the U.S. are forecast to decline by a whopping 7.5% this year https://t.co/MjBXKkouHy,Neutral,Bearish,0.764436,Bearish,0.65
Kenya trade deal seen helping apparel industry,Neutral,Bullish,0.8347099,Neutral,0.6
"Morgan Stanley Sees Lower Truck Capacity, Higher Rates In 2020",Neutral,Bearish,0.67941886,Neutral,0.6
"Retail Loans To Double To Rs 96 Lakh-Crore In Five Years, Says Crisil",Neutral,Bullish,0.8293977,Neutral,0.6
Top economist lowers recession risk for 2020 but says hurdles remain via @TradingNation) https://t.co/0uYhHyIugr,Neutral,Bearish,0.4929525,Bearish,0.65
U.S. consumer credit increased at faster pace in February https://t.co/VvjV1lEi7x,Neutral,Bullish,0.7990853,Neutral,0.6
China Risks Exporting Market Volatility Like Never Before,Bearish,Neutral,0.55154455,Neutral,0.6
Dow Jones Industrial Average 8 points lower,Bearish,Neutral,0.87120634,Bearish,0.65
Higher tariffs threat weigh on global markets,Bearish,Bullish,0.6076265,Bullish,0.65
S&P Futures Crater 40 Points In One Tick On Huge For Sell Closing Imbalance  https://t.co/CFb8vKL8Hu,Bearish,Neutral,0.62447876,Neutral,0.6
"Trade, U.S. Elections Are Top Market Risks, Says Goldman Sachs's Moe",Bearish,Neutral,0.87505245,Neutral,0.6
$XLF $BAC $C - Fed fires a dud as financial sector plunges https://t.co/OwDNvwPYyd,Bearish,Neutral,0.60048026,Neutral,0.6
$TALKX: Market Briefing: Market still riding hope of COVID-19 plateauing https://t.co/P3bUqinQVx,Bullish,Neutral,0.48449162,Neutral,0.6
All three benchmarks trade in record territory,Bullish,Neutral,0.86313236,Bullish,0.65
Asian shares advance after Fed keeps interest rates steady,Bullish,Neutral,0.45824733,Neutral,0.6
Bulletproof stock market shakes off negative trade headlines and keeps marching to records,Bullish,Neutral,0.8626955,Bearish,0.65
Futures climb on China plan to cut tariffs on U.S. products,Bullish,Bearish,0.44251424,Bearish,0.65
Futures Fly On Trade Optimism Amid Barrage Of Megamergers https://t.co/zcIHhcFH6d,Bullish,Neutral,0.5414195,Neutral,0.6
"Global stocks gain after China cuts U.S. import tariffs, virus fears wane",Bullish,Neutral,0.5563796,Neutral,0.6
Hong Kong Stocks Nearly Recover Post-Holiday Losses With Rally,Bullish,Bearish,0.7482367,Neutral,0.6
S&P 500 Price Forecast – Stock Markets Break To A Fresh New High - Yahoo Finance,Bullish,Neutral,0.6155556,Neutral,0.6
S&P rises 5% https://t.co/YKsHWgtNcP https://t.co/CqiMPLAknF,Bullish,Neutral,0.63701457,Neutral,0.6
Stock Market Heads Off A Correction – For Now.,Bullish,Neutral,0.6407239,Neutral,0.6
Stock Market Update: Stock market drifts in record territory,Bullish,Bearish,0.7755966,Bullish,0.65
StockBeat - Chip Stocks Rise as Huawei Granted Another Reprieve on Trade Ban,Bullish,Neutral,0.5031871,Neutral,0.6
"Stocks rose after China moves to step up intellectual property protection, a step that investors hope may address k… https://t.co/8zp2mKCwub",Bullish,Neutral,0.7282483,Neutral,0.85
Tech stocks led all three major U.S. stock averages marginally into the black following upbeat statements on the U.… https://t.co/S2BkUCDmcx,Bullish,Neutral,0.61191773,Neutral,0.6
The market bounced back after President Trump said the US and China are “potentially very close” on a trade deal. T… https://t.co/VC5V93JFh4,Bullish,Neutral,0.637417,Neutral,0.6
U.S. Stocks Rise as China Calls for Better Communication on Trade #SP500 #index #MarketScreener… https://t.co/CjoXFIEvMP,Bullish,Neutral,0.52803934,Neutral,0.6
Wall Street scraps its recession assumptions after robust jobs data https://t.co/oOuPFD2gWp https://t.co/4yICZnGl4z,Bullish,Neutral,0.58324116,Neutral,0.6
While market strain triggered by the coronavirus pandemic has eased since the Federal Reserve's historic interventi… https://t.co/ZFb0jzOH7h,Bullish,Neutral,0.8055907,Neutral,0.6
Why the markets 'look clean' into 2019 year-end,Bullish,Neutral,0.9099058,Neutral,0.6
Dow Jones News: Apple Production Problems; Boeing Upgraded,Neutral,Bearish,0.8524706,Bullish,0.65
"Stocks Rally, Oil Drops at Start of Challenging Week #SP500 #index #MarketScreener https://t.co/zvaSvRqcdt https://t.co/Pw0UVqFuo3",Neutral,Bearish,0.8002239,Bullish,0.65
UPDATE 2-European stocks end flat as defensive gains offset auto slide,Neutral,Bearish,0.768934,Bullish,0.65
Utilities Flat On Mixed Trade Signals -- Utilities Roundup #economy #MarketScreener https://t.co/5L2LBQYBZd https://t.co/I2k8OZxnCh,Neutral,Bearish,0.6732078,Neutral,0.6
"95% Approval Rate in the Republican Party, a record! Thank you!",Neutral,Bullish,0.7551295,Bullish,0.65
"AOC to Trump: ""Try to keep up."" https://t.co/e8eaVUSivO",Neutral,Bullish,0.9294229,Bullish,0.65
Canada rail workers’ strike tests weakened Trudeau https://t.co/158wnVBdda,Neutral,Bearish,0.67516863,Neutral,0.6
Conservative party manifesto plays down rightwing populism https://t.co/5zVnaDLs3R,Neutral,Bearish,0.47018182,Bearish,0.65
Corbyn effect? British utility debt boosted by nationalisation bet,Neutral,Bullish,0.65242946,Neutral,0.6
Democrats going back to their Districts for Thanksgiving are getting absolutely hammered by their constituents over… https://t.co/IXzP5VLroK,Neutral,Bearish,0.7063409,Neutral,0.6
"Joe Leahy: The elections in Hong Kong are unlikely to put a stop to the months of often violent demonstrations
https://t.co/qkkbaHCyhm",Neutral,Bearish,0.7198788,Neutral,0.6
Johnson Offers Business an Olive Branch as U.K. Election Revs Up,Neutral,Bullish,0.61463845,Bullish,0.65
Pete Buttigieg has a big new plan to shake up the retirement system https://t.co/O57CHHZ7vr by @benwerschkul https://t.co/WyoQrR7scs,Neutral,Bullish,0.8445745,Bullish,0.9
Pete Buttigieg sees surge in support from business execs after his strong showing in Iowa https://t.co/ZFfMXbQuBV,Neutral,Bullish,0.8713527,Bullish,0.9
"Ruth Bader Ginsburg was hospitalized Friday night with chills and a fever, but her condition has improved and she e… https://t.co/Uzz8z59JRO",Neutral,Bullish,0.6477334,Bullish,0.9
Schumer warns of reckoning for Republican senators who vote against witnesses in impeachment trial https://t.co/pNoCeqhkiu,Neutral,Bearish,0.78053474,Bearish,0.65
Trump calls meeting with Powell 'very good' and 'cordial',Neutral,Bullish,0.5071607,Bullish,0.65
White House adviser Larry Kudlow says he wants Fed to be bolder with rate cuts,Neutral,Bearish,0.6134229,Bearish,0.65
Jefferies poaches more staff from CLSA to boost Asia expansion https://t.co/x2dQ6I9HM2,Neutral,Bullish,0.3752822,Bullish,0.65
Tesla Loses Its Third General Counsel in the Course of a Year,Neutral,Bearish,0.75396585,Neutral,0.6
$HYG - A Segment Of Junk Bonds Signals Stress. Continue reading: https://t.co/gQjqOhANgD #stockmarket #investing #trading,Bearish,Neutral,0.4496873,Neutral,0.6
$TALKX: Market Briefing: Downshift https://t.co/CBPbBbxMjS,Bearish,Neutral,0.5635831,Neutral,0.6
$TSLA short 🤣,Bearish,Neutral,0.9221903,Bearish,0.65
"$TWLO - Yes, This Is An Unpopular Opinion: Twilio Is Overvalued. https://t.co/PCCPSLJaCP #markets #finance #stocks",Bearish,Neutral,0.50004506,Neutral,0.6
$XLU - XLU Weekly: The Relief Rally From 43.44s Stalls At 58.09s. https://t.co/0QF67WMAAr #investing #markets #economy,Bearish,Bullish,0.4715497,Bullish,0.65
Companies Like Juggernaut Exploration (CVE:JUGR) Can Be Considered Quite Risky,Bearish,Neutral,0.9246892,Neutral,0.6
Credit Woes Come Calling For The South Africa ETF,Bearish,Neutral,0.5682276,Neutral,0.6
Dow heavyweight Boeing ending strong decade with whimper,Bearish,Bullish,0.47834915,Bullish,0.65
Hedge Funds Are Dumping Capital Senior Living Corporation (CSU),Bearish,Neutral,0.47905952,Neutral,0.6
Hedge Funds Are Selling Genco Shipping & Trading Limited (GNK),Bearish,Neutral,0.94013107,Neutral,0.6
Hedge Funds Are Selling InVitae Corporation (NVTA),Bearish,Neutral,0.9475114,Neutral,0.6
Hedge Funds Are Selling PennyMac Financial Services Inc (PFSI),Bearish,Neutral,0.9339236,Neutral,0.6
Hedge Funds Aren’t Crazy About eGain Communications Corporation (EGAN) Anymore,Bearish,Neutral,0.9353912,Neutral,0.6
Hedge Funds Aren’t Crazy About Titan Machinery Inc. (TITN) Anymore,Bearish,Neutral,0.90067995,Neutral,0.6
Here's Why Zogenix Took a Tumble Today,Bearish,Neutral,0.8630182,Neutral,0.6
Look to go short $ES if it goes offered below 3107.50 or if the a.m. open is below 3107.50 and goes offered below t… https://t.co/YM6WBkERZ3,Bearish,Neutral,0.59017974,Neutral,0.85
"RECAP 12/10 Unusual Puts:
$ITCI Jan 6 P
$AAPL Jan 240 P
$FXB Dec 123 P
$JD Jan 31 P
$NLOK Dec 26 P
$PDD Apr 35 P… https://t.co/pUqu2jUDbi",Bearish,Neutral,0.89672947,Neutral,0.6
"Sensex, Nifty Halt Four-Day Gaining Streak As RIL, HDFC Drag",Bearish,Neutral,0.6155817,Neutral,0.6
$AIKI my position remains intact. Buying dips.,Bullish,Bearish,0.69286835,Neutral,0.6
$AMZN - Amazon: One Of The Best Long-Term Investment In The Tech Sector. https://t.co/zC79wifAYj #finance #investing #stocks,Bullish,Neutral,0.70264554,Neutral,0.6
"$BOXL buyers into the close, nice !!!",Bullish,Neutral,0.8731083,Neutral,0.6
$BOXL loading up again !!! Last month K Laser Technology reported 30.2% Stake. https://t.co/Gd2jtkHBJE,Bullish,Neutral,0.88115704,Bullish,0.65
$BOXL nice start !!!! $PDSB still accumulating.,Bullish,Neutral,0.63443816,Neutral,0.6
$BPTH buy the dip.,Bullish,Neutral,0.8840492,Bullish,0.65
$BURL certainly isn't looking shabby https://t.co/3AqvmOgZuG,Bullish,Neutral,0.43769652,Neutral,0.6
"$CERN - Cerner: Undervalued, Wide Moat, Dominant. Read more: https://t.co/4KImEZVaU1 #finance #markets #economy",Bullish,Neutral,0.8447487,Neutral,0.6
"$CIFS could squeeze over 1 , im long and will add + on the break of the pivot level.",Bullish,Neutral,0.7927851,Neutral,0.85
$CPHI here is the technical chart. With some buying volume this China play could soar just like $YGYI https://t.co/tEbpZIklHz,Bullish,Neutral,0.81603175,Neutral,0.85
$FSUMF - FMG Offers Compelling Valuation And Dividend Yield (8%-10%). https://t.co/n8z87Sz8E5 #stockmarket #stocks #business,Bullish,Neutral,0.5524621,Neutral,0.6
$GDEN $ERI $MGM - Casino sector attracts some bets https://t.co/XjKy1M0CLb,Bullish,Neutral,0.5261532,Neutral,0.6
$GLD $SLV - Gold & Silver Update: December May Be A Bottom. Read more: https://t.co/c0d06nlqQJ #trading #finance #stocks,Bullish,Neutral,0.52199155,Neutral,0.85
"$MYOV is breaking out in pre-market, but we neeed more volume to confirm.",Bullish,Neutral,0.78782505,Neutral,0.6
$NIO nice breakout this morning. Next stop 2.46 https://t.co/rLdY9c1rw2,Bullish,Neutral,0.690307,Neutral,0.6
$NYMT out 1.82 from $1.60 @here,Bullish,Neutral,0.5560412,Neutral,0.6
$SINT volume Alert !! Big buy blocks. Momentum is coming back to this name. First pivot 50c https://t.co/MU2uyO5JFT,Bullish,Neutral,0.7887688,Bullish,0.65
$SINT woke up !!!! New HOD,Bullish,Neutral,0.8286945,Bullish,0.65
$SOLO could fuel shares of $WKHS,Bullish,Neutral,0.5948772,Neutral,0.85
$SRNE Took some. Love the news.,Bullish,Neutral,0.85894436,Neutral,0.6
$STZ - Time To Reach For Constellation Brands During The Coronavirus. https://t.co/6M1lRZZRyC #trading #business #economy,Bullish,Neutral,0.9042494,Neutral,0.6
$T - AT&T: An Attractive Options Strategy For The Coming Months. https://t.co/9LcAGrHWSL #economy #markets #stocks,Bullish,Neutral,0.78092587,Neutral,0.6
$TOPS Wow..... Morgan Stanley 13G 6.7%,Bullish,Neutral,0.8988168,Neutral,0.6
$YEXT - Yext: A Coronavirus Bull Case. https://t.co/7wlZOFGRu6 #trading #business #stocks,Bullish,Neutral,0.93968254,Bullish,0.65
“It’s my biggest holding.” Mark Cuban says he has nearly $1 billion in Amazon stock. https://t.co/5OLyDMTAdb,Bullish,Neutral,0.94445866,Neutral,0.6
"A Rising Share Price Has Us Looking Closely At Fortinet, Inc.'s (NASDAQ:FTNT) P/E Ratio",Bullish,Neutral,0.8202926,Neutral,0.6
A Rising Share Price Has Us Looking Closely At Vipshop Holdings Limited's (NYSE:VIPS) P/E Ratio,Bullish,Neutral,0.64679843,Neutral,0.6
added $MRK Feb 90/Dec 90.50 Call Diagonals,Bullish,Neutral,0.8384135,Neutral,0.6
Amazon is becoming a go-to for bulls - here's the chart now https://t.co/S86h9k7xuI,Bullish,Neutral,0.9181005,Neutral,0.6
"Beyond Meat among the stocks set to benefit from ongoing pork shortage, Bernstein says",Bullish,Neutral,0.6312775,Neutral,0.6
ChartTrader's recent $YMm0 short took off for a +700 pt gain in less than 30 minutes. Learn more and #tradesmarter… https://t.co/1JiBaAV8ji,Bullish,Neutral,0.8056609,Neutral,0.6
Ethereum (ETH) Price May Soon Surge 50%: Here’s Why - Ethereum World News,Bullish,Neutral,0.87605584,Neutral,0.85
Firan Technology Group Corporation (TSE:FTG) Is Employing Capital Very Effectively,Bullish,Neutral,0.54635835,Neutral,0.6
Hedge Funds Are Betting On Catchmark Timber Trust Inc (CTT),Bullish,Neutral,0.90888435,Neutral,0.6
Hedge Funds Are Buying Costamare Inc (CMRE),Bullish,Neutral,0.90009266,Neutral,0.6
Hedge Funds Have Never Been More Bullish On ADMA Biologics Inc (ADMA),Bullish,Neutral,0.6747623,Bearish,0.65
Hedge Funds Have Never Been More Bullish On BioSpecifics Technologies Corp. (BSTC),Bullish,Bearish,0.47842276,Bearish,0.65
"Hedge Funds Have Never Been More Bullish On New York Mortgage Trust, Inc. (NYMT)",Bullish,Neutral,0.6986588,Bearish,0.65
"Hedge Funds Have Never Been This Bullish On Hallmark Financial Services, Inc. (HALL)",Bullish,Neutral,0.8894297,Bearish,0.65
Hedge Funds Have Never Been This Bullish On North American Construction Group Ltd. (NOA),Bullish,Bearish,0.53651065,Bearish,0.65
Here comes the bounce $LK,Bullish,Neutral,0.92064786,Bullish,0.65
Here's what has stocks surging midday: https://t.co/9Jg08tQs6j,Bullish,Neutral,0.83842576,Neutral,0.6
"If You Had Bought AXA (EPA:CS) Stock Five Years Ago, You Could Pocket A 33% Gain Today",Bullish,Neutral,0.71940553,Neutral,0.85
"If You Had Bought Century Communities (NYSE:CCS) Stock Five Years Ago, You Could Pocket A 61% Gain Today",Bullish,Neutral,0.8103427,Neutral,0.85
Industrials with nice bull flags breaking out today $EMR $ZBRA $PH $SWK,Bullish,Neutral,0.74069095,Bullish,0.65
Knoll (NYSE:KNL) Has A Pretty Healthy Balance Sheet,Bullish,Neutral,0.6304729,Neutral,0.6
"Prudential Financial, Inc. Just Beat EPS By 11%: Here's What Analysts Think Will Happen Next",Bullish,Neutral,0.8603924,Bullish,0.65
"RECAP 12/10 +Pos Comments:
$HUYA + Hedgeye
$TSLA + Rosenblatt
$TXMD + CJS
$INFY + BofAML",Bullish,Neutral,0.9118173,Neutral,0.6
"Shareholders Are Loving LeMaitre Vascular, Inc.'s (NASDAQ:LMAT) 1.0% Yield",Bullish,Neutral,0.69261867,Neutral,0.6
Stock Traders Are Dumping Virus Hedges After ‘Peak Fear’ Passes,Bullish,Neutral,0.55517614,Neutral,0.6
"Tesla $TSLA with 1400 January 2022 $1280 calls bought to open $33.50 to $36 for around $5M

And with that, I am off... https://t.co/uiJ0iHFoUw",Bullish,Neutral,0.67273027,Neutral,0.6
The Bull Case for Shopify Stock Is More Relevant Than Ever,Bullish,Neutral,0.93373716,Bullish,0.65
We have been following $PGNY closely all week; added it to our Buy Alert list on Tuesday. Today it's ripping to new… https://t.co/BFM1RLzOjG,Bullish,Neutral,0.9132048,Bullish,0.65
Why Capri Holdings Is a Buy This Season,Bullish,Neutral,0.9416408,Bullish,0.65
"Why Ebix, Inc. (NASDAQ:EBIX) Should Be In Your Dividend Portfolio",Bullish,Neutral,0.9349002,Neutral,0.6
Why Has Cree’s Revenue Jumped 40% In The Past 2 Years?,Bullish,Neutral,0.51260376,Neutral,0.6
Why Snap Stock Jumped Today,Bullish,Neutral,0.8661667,Neutral,0.6
Why Visa's Stock Price Could Keep Rising,Bullish,Neutral,0.87646115,Neutral,0.85
"Why You Should Like Aena S.M.E., S.A.’s (BME:AENA) ROCE",Bullish,Neutral,0.9223087,Neutral,0.6
$GPRO strong action.,Neutral,Bullish,0.84234214,Bullish,0.65
"$JCP - J.C. Penney: Q3 Impresses, But Headwinds Remain. Get more updates here: https://t.co/nRuoADTjLN #business #trading #markets",Neutral,Bullish,0.68379515,Bullish,0.9
"$NVDA $UBER - Beware The Ides Of December, Current Events Should Boost Markets Now; Sell Uber And Tesla. Get more u… https://t.co/BcYnGhPTG3",Neutral,Bullish,0.7114148,Neutral,0.6
"$PIXY with just 1.1M shares float, if volume comes in again , the bounce could be explosive. U know how this stock works. Great entry point.",Neutral,Bullish,0.8056823,Bullish,0.75
$SCANX: Stocks/ETFs that traded to new 52 week highs/lows this session - New highs (37) outpacing new lows (30) https://t.co/mozUwgcLn9,Neutral,Bearish,0.7156699,Neutral,0.6
$SPY $IWM $TNA - Small caps aim to retake some ground https://t.co/lRTT9N8kdA,Neutral,Bullish,0.75626826,Neutral,0.6
$XYL - Xylem: Headwinds To Continue Over Several Quarters. Read more and sign up for updates:… https://t.co/uD2LB5E7NG,Neutral,Bullish,0.6017159,Bullish,0.65
11 Foreign Stocks With The Lowest Earnings Multiples,Neutral,Bearish,0.74246895,Neutral,0.6
2 Top Small-Cap Stocks to Buy In February,Neutral,Bullish,0.56509763,Bullish,0.65
3 Great Semiconductor Stocks to Invest In for 2020,Neutral,Bullish,0.5303038,Bullish,0.65
3 Top Small-Cap Stocks to Buy in February,Neutral,Bullish,0.56509763,Bullish,0.65
5 Stocks With January Bounce-Back Potential,Neutral,Bearish,0.7493748,Bullish,0.65
6 Guru Stocks Beating the Market,Neutral,Bullish,0.5993449,Bullish,0.65
Best Stocks for 2020: Housing Trend Will Boost PennyMac Financial,Neutral,Bullish,0.8411176,Neutral,0.6
Better Buy: AbbVie vs. Merck,Neutral,Bullish,0.5378812,Bullish,0.65
Can The North West Company Inc. (TSE:NWC) Maintain Its Strong Returns?,Neutral,Bullish,0.5654329,Bullish,0.65
Did Business Growth Power CGI's (TSE:GIB.A) Share Price Gain of 163%?,Neutral,Bullish,0.55338067,Bullish,0.75
Did Business Growth Power Maya Gold and Silver's (TSE:MYA) Share Price Gain of 296%?,Neutral,Bullish,0.6392843,Bullish,0.75
"Did You Own The Decade's Best Stock? It's Up 3,743%",Neutral,Bullish,0.57118285,Bullish,0.65
Does K3 Capital Group PLC (LON:K3C) Have A Particularly Volatile Share Price?,Neutral,Bearish,0.67058545,Neutral,0.6
Does The Teradata Corporation (NYSE:TDC) Share Price Fall With The Market?,Neutral,Bearish,0.5085482,Bearish,0.65
Hedge Funds Had Impeccable Timing Buying Myovant Sciences Ltd. (MYOV),Neutral,Bullish,0.6550906,Neutral,0.6
How Much Have Harley-Davidson’s Shipments Fallen Since 2014?,Neutral,Bearish,0.8455804,Neutral,0.6
Howard Bancorp (NASDAQ:HBMD) Shareholders Have Enjoyed A 54% Share Price Gain,Neutral,Bullish,0.84925896,Bullish,0.65
Imagine Owning Apex Global Brands (NASDAQ:APEX) And Taking A 98% Loss Square On The Chin,Neutral,Bearish,0.39925846,Bearish,0.65
Is CBIZ's (NYSE:CBZ) Share Price Gain Of 200% Well Earned?,Neutral,Bullish,0.81999487,Bullish,0.65
"Macy's has shrunk to the size of Beyond Meat. It's going to get worse, technician says $M $BYND (via @TradingNation) https://t.co/h86IfyLmqy",Neutral,Bearish,0.8364544,Neutral,0.6
Should Community Bankers Trust (NASDAQ:ESXB) Be Disappointed With Their 99% Profit?,Neutral,Bearish,0.85024095,Bullish,0.65
Should CorEnergy Infrastructure Trust (NYSE:CORR) Be Disappointed With Their 39% Profit?,Neutral,Bearish,0.8576352,Bullish,0.65
Stock Market News: Netflix Climbs on Subscriber Data; Johnson & Johnson Looks Healthy,Neutral,Bullish,0.8240962,Neutral,0.6
Two Firms Are Clashing About the Fate of U.S. Small-Cap Stocks,Neutral,Bearish,0.7198677,Neutral,0.6
Why value stocks surged more than growth stocks in 2019,Neutral,Bullish,0.80322623,Bullish,0.65
$CIM (-1.8% pre) Chimera Investment (CIM) Announces Public Offering of Convertible Senior Notes - SI https://t.co/icZf07FFnY,Bearish,Neutral,0.5993201,Neutral,0.6
$LNN - Lindsay -2% as COVID-19 impact 'remains uncertain' https://t.co/X5HppJ6i0k,Bearish,Neutral,0.56174034,Neutral,0.6
$WORK - Slack -5% after statement on IBM https://t.co/L71kecX7LL,Bearish,Neutral,0.81399643,Neutral,0.6
Adamis Pharma -61% on FDA's Zimhi rejection,Bearish,Neutral,0.8234494,Neutral,0.6
Afya -3.4% on offering of class A common shares,Bearish,Neutral,0.9102799,Neutral,0.6
Cabot Microelectronics tanks on soft guidance,Bearish,Neutral,0.8932925,Neutral,0.6
"JUST IN: Slack shares halted for pending news.

https://t.co/jn8limUSe7",Bearish,Neutral,0.6465815,Neutral,0.6
"KL, CBAY among premarket losers",Bearish,Neutral,0.8328956,Neutral,0.6
Kohl's -11% after profit view slashed,Bearish,Bullish,0.47523654,Bullish,0.65
New York Mortgage Trust sinks 2.7% after announcing capital raise,Bearish,Neutral,0.79058,Bullish,0.65
Organogenesis -8.9% amid 9M-share offering,Bearish,Neutral,0.6286311,Neutral,0.6
"QD, HEXO among premarket losers",Bearish,Neutral,0.89849335,Neutral,0.6
Roku -5.1% after filing to offer up to 1M shares,Bearish,Bullish,0.50054353,Bullish,0.65
"Synthetic Biologics, Inc. (SYN) Sinks -4.79% Today: Breaking Down The Root Causes - Find News",Bearish,Neutral,0.9065738,Bearish,0.65
"Taco Bell, KFC parent Yum Brands' stock drops after profit misses but revenue beat",Bearish,Bullish,0.85388577,Bullish,0.9
Tesla -3% as China slowdown factors in,Bearish,Neutral,0.6357596,Neutral,0.6
"Uber's $UBER share price is down approximately 29% since its IPO in May 2019, while the S&P 500 is up nearly 8% dur… https://t.co/V7eqP2opTW",Bearish,Neutral,0.8593267,Neutral,0.85
Woodward ~6% post Q4 earnings miss,Bearish,Bullish,0.67979455,Bearish,0.65
$CC $MMM $DD - PFAS chemical makers climb as Congress makes no decision https://t.co/cthudaPdFL,Bullish,Neutral,0.5182133,Neutral,0.6
$CGC - Canopy Growth +4% premarket on new cannabis license for Smiths Falls facility https://t.co/FYvMKq9dAf,Bullish,Neutral,0.544625,Neutral,0.6
"$HCHC (+5.7% pre) HC2 Holdings (HCHC) in Advanced Discussions to Sell Continental Insurance, Retains Advisor to Exp… https://t.co/a36tqbUnUy",Bullish,Neutral,0.91687995,Neutral,0.6
"$JAN (+92.2% pre) JanOne entered into a Patent and Know How License Agreement with UAB Research Foundation, TheraVa… https://t.co/lNeVmJnG1c",Bullish,Neutral,0.61852795,Neutral,0.6
"$LIVX (+16.8% pre) LiveXLive Media (LIVX), Samsung Announce Production And Distribution Partnership - SI - SI https://t.co/us7jsZ5apN",Bullish,Neutral,0.7519041,Neutral,0.6
"$M (+11.7% pre) Macy's finance chief Paula Price to step down in May - SI

https://t.co/qKgwR2a9Ft",Bullish,Neutral,0.7565164,Neutral,0.85
$NSPR - InspireMD chief to step down; shares up 3% https://t.co/nw4ii9SQFu,Bullish,Neutral,0.4812264,Neutral,0.6
$NVCR shows institutional accumulation with blue skyscraper last week and closing near highs. Forms a cup base with… https://t.co/s6fdABDVVW,Bullish,Neutral,0.49647698,Neutral,0.6
$PACD Added + shares on pullback. BORR +130% they will find this sympathy play very soon. Money will flow into this… https://t.co/0PTZlnV1ps,Bullish,Neutral,0.5599037,Neutral,0.6
"$PSTI (+56.3% pre) Pluristem Reports Preliminary Data from its COVID-19 Compassionate Use Program, Treating Seven P… https://t.co/hke1zV8mkt",Bullish,Neutral,0.9104909,Neutral,0.6
$SRNE (+36.3% pre) Sorrento Therapeutics shares soar 25% after it rejects offer from two companies - MW https://t.co/5WB1nxwKVn,Bullish,Bearish,0.76210237,Neutral,0.6
$TSLA +7% in pm (BLOG IDEA). Breaking out of the bullish flag that i mentioned several times last week.,Bullish,Neutral,0.7904761,Bullish,0.65
"$VRNS (+0.0% pre) Varonis Systems reports preliminary Q1 - SA

https://t.co/ORtdEEogHg",Bullish,Neutral,0.9390744,Neutral,0.6
"$XOM (+5.8% pre) Exxon cuts full-year capex forecast by 30%, maintains long-term outlook - SA

https://t.co/zXwoE1Emyq",Bullish,Bearish,0.7571453,Bearish,0.65
AbbVie stock jumps 2.6% premarket,Bullish,Neutral,0.619762,Neutral,0.6
AMC Entertainment rallies after big Frozen 2 weekend,Bullish,Neutral,0.44460246,Neutral,0.6
Bill.com +72% in trading debut,Bullish,Neutral,0.55952185,Neutral,0.6
Canopy Growth +4% premarket on new cannabis license for Smiths Falls facility,Bullish,Neutral,0.8400524,Neutral,0.6
Carnival's stock soars after Saudi sovereign wealth fund takes stake in the crippled cruise company https://t.co/IFYPXCDpja,Bullish,Neutral,0.3957425,Neutral,0.6
"Intelsat's stock bounces 6.6% premarket, after plummeting 55% over the past 2 days to 19-mo. low",Bullish,Bearish,0.78627425,Neutral,0.6
LiveXLive +23% on Samsung tie-up,Bullish,Neutral,0.8775169,Bullish,0.65
National Oilwell Varco +10% after Q4 results,Bullish,Neutral,0.4452333,Neutral,0.6
One Medical parent 1Life Healthcare stock soars 38% in early debut trading https://t.co/dRNcVEH6ob,Bullish,Bearish,0.65143305,Neutral,0.6
RealNetworks CEO Rob Glaser to invest into the Company; shares +12%,Bullish,Neutral,0.8411557,Neutral,0.6
"Tesla Tops $900 in Parabolic Surge, Spurring Analyst Downgrade",Bullish,Bearish,0.7726834,Neutral,0.6
Unisys's stock soars 16% premarket after sale of U.S. Federal business for $1.2 bln,Bullish,Bearish,0.65344304,Neutral,0.6
Wayfair soared as much as 51% after the online home-goods retailer said first-quarter net revenue growth would at l… https://t.co/aGZUiKSDvu,Bullish,Neutral,0.864777,Neutral,0.85
"$SUMRX: Gapping up/down: ABB +4%, MCHP +3%, NVO +3%, HUM +2% and CMG +1.6% after earnings, RDS.A +2% and TOL +2%... https://t.co/P30bZdswdX",Neutral,Bearish,0.7679703,Neutral,0.6
"$SUMRX: Gapping up/down: DOCU +10.5%, ULTA +9%, AOBC +7%, BIG +7%, CLDR +6.5% and CRWD +5% after earnings, TTD +5%.… https://t.co/a5vlQXPdji",Neutral,Bearish,0.7199681,Neutral,0.6
Marvell Technology (MRVL) Gains As Market Dips: What You Should Know - Nasdaq,Neutral,Bullish,0.39319542,Bullish,0.65
